playerId,teamId,xT_difference,defensive_actions,DCI,total_time,DCI_per_90,name,team,defensive_actions_divided,new_DCI,new_DCI_per_90
286381,3770,0.062311507616868766,31,31.06231150761687,46.85647863333334,59.663212371591754,E. Kwateng,Nantes,0.31,0.37231150761686876,0.715120654877399
229427,3783,1.2830984612788257,546,547.2830984612788,1317.170136,37.394925313972564,A. Djiku,Caen,5.46,6.743098461278826,0.46074447402677393
70959,3776,3.402820253926052,670,673.402820253926,1650.477126666667,36.720444557298904,Edgar I\u00e9,Lille,6.7,10.102820253926051,0.5509036194216698
26399,3783,3.8667129477665014,589,592.8667129477665,1490.7651687,35.79236038351302,D. Da Silva,Caen,5.89,9.756712947766502,0.5890291668571269
215281,3783,1.1364204481104707,350,351.13642044811047,894.8573411833333,35.31543675837761,A. Mbengue,Caen,3.5,4.636420448110471,0.4663065509169833
25957,3789,5.059901161157072,607,612.0599011611571,1604.6521866333335,34.32855516189893,K. Ad\u00e9non,Amiens SC,6.07,11.129901161157072,0.6242418842214964
214710,3789,3.5455063673207405,550,553.5455063673207,1493.2800798333333,33.362191223108816,B. Dibassy,Amiens SC,5.5,9.04550636732074,0.5451727268401844
28908,3783,2.1630599582369427,621,623.163059958237,1694.7512182,33.0931612816948,F. Guilbert,Caen,6.21,8.373059958236944,0.4446525178142072
217867,3770,0.11602488150526824,17,17.11602488150527,47.43373693333333,32.475666876099574,A. Walongwa,Nantes,0.17,0.2860248815052683,0.5426989522595295
76201,3804,0.250262382414121,49,49.25026238241412,137.16926495,32.31426235339953,\u00c1. Lang,Dijon,0.49,0.740262382414121,0.48570366285447447
25524,3804,4.366683723815328,498,502.3666837238153,1404.7133028,32.186640110135485,P. Djilobodji,Dijon,4.98,9.346683723815328,0.5988421505417664
25534,3789,1.866865757646508,316,317.8668657576465,890.0168875833334,32.143230445736435,I. Cissokho,Amiens SC,3.16,5.026865757646508,0.5083250941638175
3573,3772,1.6832608733553371,348,349.6832608733553,987.9575892333334,31.855105747023238,J. Toulalan,Bordeaux,3.48,5.163260873355338,0.4703577194670755
270866,3770,3.928804278021218,453,456.92880427802123,1293.0560319666665,31.803410964701357,Diego Carlos,Nantes,4.53,8.45880427802122,0.5887543665559691
290119,3777,3.350922657126091,567,570.3509226571261,1651.74753225,31.07713620689828,M. Niakhat\u00e9,Metz,5.67,9.020922657126091,0.4915297424633693
393284,3795,1.4516014832648807,547,548.4516014832649,1617.4913545166667,30.516790087105985,C. Traor\u00e9,Troyes,5.47,6.9216014832648805,0.38512980718835765
393214,3804,1.4362193094065212,571,572.4362193094065,1691.4658475333333,30.458350556103266,V. Rosier,Dijon,5.71,7.146219309406521,0.3802380868549652
25643,3782,2.859970050397692,394,396.8599700503977,1175.4671942333332,30.385703216355182,K. Th\u00e9ophile Catherine,Saint-\u00c9tienne,3.94,6.799970050397691,0.5206417563485903
25993,3787,1.7351465776674218,431,432.7351465776674,1284.8647446666666,30.31148870233333,Hilton,Montpellier,4.3100000000000005,6.045146577667422,0.4234400502063855
26138,3777,1.9065924731951895,401,402.9065924731952,1201.9267943500001,30.16955233300858,J. Rivierez,Metz,4.01,5.916592473195189,0.4430330741362152
144884,3780,3.414601952313717,459,462.4146019523137,1383.9665639166667,30.071040197625866,C. Jullien,Toulouse,4.59,8.004601952313717,0.5205430495874415
49919,3780,1.06322927155378,319,320.0632292715538,963.1545129499999,29.907652663342944,F. Moubandje,Toulouse,3.19,4.25322927155378,0.39743429459454954
26134,3789,4.2634628671721515,480,484.26346286717217,1478.2960334000002,29.482397756155336,P. Gouano,Amiens SC,4.8,9.063462867172152,0.551791819510874
26528,3783,1.6720988586075691,351,352.67209885860757,1079.2890713166667,29.408700357313194,R. Genevois,Caen,3.5100000000000002,5.182098858607569,0.43212602598274735
300784,19830,1.0100541037147934,331,332.01005410371477,1018.3108049666666,29.34359993392435,Jorge,Monaco,3.31,4.320054103714794,0.38181355578079973
29588,3779,1.276819800089413,396,397.2768198000894,1219.3639022166667,29.322594934137076,E. Seka,Strasbourg,3.96,5.236819800089413,0.3865243026722799
25943,3785,3.9319374987522693,557,560.9319374987523,1721.94506785,29.317935465805114,C. Kerbrat,Guingamp,5.57,9.50193749875227,0.4966327851302857
25523,3770,1.4044141487105435,439,440.40441414871054,1354.8625175166667,29.254922002000374,K. Djidji,Nantes,4.39,5.794414148710543,0.38490789038861556
14801,3782,1.7919950116490782,241,242.79199501164908,750.99730725,29.09634873534151,N. Suboti\u0107,Saint-\u00c9tienne,2.41,4.201995011649078,0.5035697830039284
29616,3779,2.0675484730009543,361,363.06754847300095,1125.1686220166666,29.04105102398249,P. Martinez,Strasbourg,3.61,5.677548473000954,0.45413580913254165
3308,3787,2.7344089933462215,515,517.7344089933463,1604.8657995666667,29.03426368857924,Pedro Mendes,Montpellier,5.15,7.884408993346222,0.4421533623513939
26021,3777,0.0971475297460529,15,15.097147529746053,47.656203166666664,28.511362370293142,S. Falette,Metz,0.15,0.2471475297460529,0.466744646008705
26276,3770,3.526627796628567,407,410.5266277966286,1297.4371308666666,28.477215290590863,N. Pallois,Nantes,4.07,7.596627796628567,0.5269592533087697
25641,3779,2.258463683746186,283,285.2584636837462,902.2596123166666,28.454406449179064,K. Mangane,Strasbourg,2.83,5.088463683746186,0.5075720172836747
364772,3770,1.3003966240030422,321,322.30039662400304,1035.0395738666668,28.02504989040829,C. Awaziem,Nantes,3.21,4.510396624003042,0.3921934063291827
26265,3799,1.2053912945362981,480,481.2053912945363,1550.1436515166668,27.93836892092876,V. Manceau,Angers,4.8,6.005391294536298,0.34866782570728455
366563,3777,1.461815517602247,185,186.46181551760225,606.63017465,27.66358169747566,V. Selimovic,Metz,1.85,3.311815517602247,0.49134284616846213
26433,3795,1.1754752823234185,156,157.17547528232342,512.18108795,27.618733116498912,J. Cordoval,Troyes,1.56,2.7354752823234185,0.48067525568835806
270306,3780,0.36240843472779716,29,29.362408434727797,95.68707731666667,27.61727950348018,Steven Fort\u00e8s,Toulouse,0.29,0.6524084347277972,0.613633112977049
372547,3774,0.2411904263449287,43,43.24119042634493,141.07409383333334,27.586263591164755,G. Nyamsi,Rennes,0.43,0.6711904263449286,0.42819440997019137
25990,3795,1.71843928930015,404,405.71843928930014,1325.5773472666667,27.546230788667323,M. Deplagne,Troyes,4.04,5.75843928930015,0.3909689141155451
25700,3782,2.0489725696016876,209,211.0489725696017,695.4467625333333,27.312525637580684,M. Debuchy,Saint-\u00c9tienne,2.09,4.1389725696016875,0.5356377386921796
30320,3789,1.3747775623776874,371,372.3747775623777,1229.8657791833332,27.24990852487016,O. El Hajjam,Amiens SC,3.71,5.084777562377687,0.37209749906032147
102,3766,3.2279607996045243,496,499.22796079960455,1649.4402430333332,27.239857073777248,Marcelo,Olympique Lyonnais,4.96,8.187960799604525,0.44676760802756466
26945,3772,0.34831258329097636,266,266.348312583291,882.2154896833333,27.17176065577876,M. Poundj\u00e9,Bordeaux,2.66,3.0083125832909765,0.30689569120280524
334720,3774,1.3644194268606782,411,412.36441942686065,1366.2980410833334,27.163032246603265,R. Bensebaini,Rennes,4.11,5.4744194268606785,0.36060781293867816
112377,3795,1.779363268146227,284,285.7793632681462,946.96709125,27.16054542104782,O. Vizcarrondo,Troyes,2.84,4.619363268146227,0.43902549304472516
28529,3772,0.35378526008713607,488,488.35378526008714,1635.2129997666666,26.87835815864934,Y. Sabaly,Bordeaux,4.88,5.233785260087136,0.2880607440590654
263766,19830,1.8897892127014586,450,451.88978921270143,1514.0982740333334,26.860925559874033,Jemerson,Monaco,4.5,6.389789212701459,0.3798175052476618
132,19830,0.42490640687697123,42,42.42490640687697,142.60025206666666,26.77584030380165,T. Kongolo,Monaco,0.42,0.8449064068769712,0.5332499453323366
215036,3804,2.231576675858406,440,442.2315766758584,1491.3407749333335,26.687959297972288,C. Yamber\u00e9,Dijon,4.4,6.6315766758584065,0.40020491014465615
28314,3795,3.6690356691874726,461,464.66903566918745,1567.1847675666666,26.6849283350043,C. H\u00e9relle,Troyes,4.61,8.279035669187472,0.47544694515107716
26633,3775,1.3384877036503298,400,401.33848770365034,1358.3201858666666,26.592009946669624,A. Souquet,Nice,4.0,5.33848770365033,0.3537191733788253
341973,3787,1.9021712797455592,460,461.9021712797456,1564.634538,26.569268672999918,N. Mukiele,Montpellier,4.6000000000000005,6.50217127974556,0.3740141234036215
26368,3799,0.4484962693604757,248,248.44849626936048,844.0455210666667,26.491894223885485,A. Bamba,Angers,2.48,2.9284962693604757,0.31226356596189464
28251,3770,0.11300178703640995,42,42.11300178703641,143.08680871666667,26.488606425896197,D. Alcibiade,Nantes,0.42,0.5330017870364099,0.3352521540141761
339964,3779,0.3928745601989476,188,188.39287456019895,642.1458514666666,26.404217471298335,Y. Salmier,Strasbourg,1.8800000000000001,2.2728745601989475,0.3185549045449588
352986,3780,3.1666661274240235,491,494.16666612742404,1692.1081247333334,26.283781338427865,K. Amian,Toulouse,4.91,8.076666127424023,0.42958244857001515
120717,3804,1.124531038081301,439,440.1245310380813,1512.5031438166666,26.18917385749822,O. Haddadi,Dijon,4.39,5.514531038081301,0.32813670203351025
28335,3787,1.5968550111333002,417,418.5968550111333,1448.5546147333334,26.00779878633531,R. Aguilar,Montpellier,4.17,5.7668550111333,0.35829988439720906
25864,3782,2.6301655822967547,371,373.63016558229674,1301.2308696,25.842235753862496,L. Perrin,Saint-\u00c9tienne,3.71,6.340165582296755,0.43851934021678696
25805,3785,0.9316803304982386,185,185.93168033049824,648.4973307833334,25.80404025646748,F. Tabanou,Guingamp,1.85,2.7816803304982387,0.3860482038413898
25392,3779,2.4713576321366446,374,376.47135763213663,1319.2567141666666,25.682963613563846,B. Kon\u00e9,Strasbourg,3.74,6.211357632136645,0.4237402628990332
213308,3776,2.9488537366191423,451,453.9488537366191,1603.9048409333334,25.472456840096218,J. Alonso,Lille,4.51,7.458853736619142,0.41853906738325347
326946,3775,0.43415965240149035,92,92.43415965240149,326.6799230166667,25.465520782223606,R. Coly,Nice,0.92,1.3541596524014903,0.37306966277788756
41127,3772,1.3137834005847324,191,192.31378340058473,682.2526427166666,25.36925388391728,Pablo,Bordeaux,1.9100000000000001,3.2237834005847326,0.42526842387493496
26498,3779,1.410339945627868,409,410.41033994562787,1457.6242307333334,25.340502590659778,K. Lala,Strasbourg,4.09,5.500339945627868,0.3396146857804753
410062,3772,2.311029454754049,236,238.31102945475405,850.2692080166668,25.224943404639262,J. Kound\u00e9,Bordeaux,2.36,4.6710294547540485,0.4944229979919771
21097,19830,3.905399225521677,468,471.9053992255217,1686.8766033166664,25.17758907011413,K. Glik,Monaco,4.68,8.585399225521677,0.4580571742934415
26086,3799,1.9553675142510372,418,419.95536751425107,1503.3662490499999,25.140901693227754,I. Traor\u00e9,Angers,4.18,6.135367514251037,0.3672977736672792
258263,3772,1.5987241466448268,209,210.59872414664483,754.0078453833333,25.13751718798361,V. Jovanovi\u0107,Bordeaux,2.09,3.6887241466448266,0.4402940569262313
105523,3789,1.0169421961559237,270,271.0169421961559,970.378669,25.136089216377897,Danilo Avelar,Amiens SC,2.7,3.716942196155924,0.34473634709918916
487983,3777,0.16691876028727393,40,40.166918760287274,144.8652068,24.954388760972346,D. Lempereur,Metz,0.4,0.566918760287274,0.3522080253286509
25883,3785,2.4944841122079993,377,379.494484112208,1370.0535380333336,24.929320367382413,J. Sorbon,Guingamp,3.77,6.264484112207999,0.4115193709203811
286506,3777,-0.0066559848239649,79,78.99334401517604,285.2333507,24.924858695234764,M. Udol,Metz,0.79,0.7833440151760351,0.2471694182774369
70981,3766,-0.29809500375773723,236,235.70190499624226,853.3132315333334,24.859770909146093,Mar\u00e7al,Olympique Lyonnais,2.36,2.0619049962422626,0.21747166550827657
302908,3774,0.050228677233462804,13,13.050228677233463,47.25645523333333,24.854182886797208,A. Ribelin,Rennes,0.13,0.1802286772334628,0.3432458247433279
29474,3799,2.661063521300491,363,365.6610635213005,1325.0635681499998,24.836163719197224,R. Thomas,Angers,3.63,6.291063521300491,0.42729702221572946
26135,3775,2.5070892693454603,371,373.50708926934544,1354.40303215,24.819523610249984,M. Le Marchand,Nice,3.71,6.21708926934546,0.4131252079027557
242446,3770,2.2387545941027085,437,439.2387545941027,1593.5175694833333,24.807688770125424,L. Dubois,Nantes,4.37,6.608754594102709,0.37325469443182363
228963,3774,2.1078607278806487,392,394.1078607278806,1433.5805966833334,24.74203930185045,H. Traor\u00e9,Rennes,3.92,6.027860727880649,0.3784282981817547
25791,3780,0.9251870551408103,271,271.9251870551408,991.6627573500001,24.67902182830993,S. Yago,Toulouse,2.71,3.6351870551408103,0.3299174366867967
280116,3787,0.0933159943215287,12,12.093315994321529,44.151315350000004,24.651551847569984,J. Porsan-Clemente,Montpellier,0.12,0.2133159943215287,0.43483278667342307
26374,3804,0.5663791466546684,132,132.56637914665467,495.2253005666667,24.09201248309967,C. Varrault,Dijon,1.32,1.8863791466546684,0.3428219903237059
25846,3799,0.48128030584365433,292,292.48128030584365,1092.8232777666667,24.0874400857577,Y. Andreu,Angers,2.92,3.4012803058436543,0.2801141170341073
25786,3787,0.7509716527309962,398,398.750971652731,1500.0902520000002,23.923618862864114,D. Congr\u00e9,Montpellier,3.98,4.730971652730997,0.2838412210052743
26024,3804,1.27458102050241,114,115.27458102050241,434.20818256666666,23.89340576338016,W. Lautoa,Dijon,1.1400000000000001,2.41458102050241,0.5004794947913069
396628,3777,0.11790368200547618,58,58.117903682005476,219.4432605,23.83582580509686,N. Basin,Metz,0.58,0.6979036820054761,0.2862303961278084
25526,3785,1.3300474382223229,163,164.33004743822232,625.64685105,23.639061308498547,J. Martins-Pereira,Guingamp,1.6300000000000001,2.9600474382223227,0.4258061380680053
70088,3771,2.5827330667773367,377,379.58273306677734,1446.9217297666667,23.610431216289122,Rolando,Olympique Marseille,3.77,6.352733066777336,0.395146443824685
286915,3785,1.3228450193617505,266,267.32284501936175,1028.0659203166667,23.40225035796522,F. Eboa Eboa,Guingamp,2.66,3.9828450193617506,0.348670298916382
7920,3766,0.9638840540714568,285,285.96388405407146,1103.6264601833332,23.32016356384847,Rafael,Olympique Lyonnais,2.85,3.813884054071457,0.31101969484259273
26508,3777,2.6551926443157186,456,458.6551926443157,1772.4141722166667,23.289684761639514,R. Cohade,Metz,4.5600000000000005,7.215192644315719,0.3663744897595152
396616,3782,0.41475099626624967,189,189.41475099626626,734.8937824666666,23.196995261607345,R. Pierre-Gabriel,Saint-\u00c9tienne,1.8900000000000001,2.30475099626625,0.28225519743510824
286380,3780,3.107007060601461,406,409.10700706060146,1591.64264855,23.13310130825982,I. Diop,Toulouse,4.0600000000000005,7.1670070606014615,0.405260964853989
27958,3772,0.5690974972715708,216,216.56909749727157,843.9070348666667,23.096405136418802,T. Pellenard,Bordeaux,2.16,2.729097497271571,0.2910495642369518
135901,3785,1.3445018690080701,245,246.34450186900807,963.8623944666667,23.002251457770164,Pedro Rebocho,Guingamp,2.45,3.7945018690080703,0.354309048855144
25638,3779,1.1572128168631934,191,192.1572128168632,752.3844717666667,22.985786924748012,D. Foulquier,Strasbourg,1.9100000000000001,3.0672128168631936,0.36689905743203216
286382,3780,0.2699546364249841,71,71.26995463642498,280.3020358166667,22.883515271624923,C. Michelin,Toulouse,0.71,0.979954636424984,0.3146460104054815
144867,3776,0.5973890107110265,263,263.597389010711,1038.7625938333333,22.838486052348557,K. Malcuit,Lille,2.63,3.2273890107110264,0.27962598257614646
40301,3770,0.8389707834452622,395,395.83897078344523,1561.9788732666666,22.807931643789882,Lucas Lima,Nantes,3.95,4.788970783445262,0.27593674785669814
3276,3771,2.176082713554621,388,390.1760827135546,1541.4111343333332,22.7816230608764,A. Rami,Olympique Marseille,3.88,6.056082713554621,0.3536028980714812
372904,3776,0.7684079423911037,141,141.7684079423911,561.12997545,22.738326721153957,K. Dabila,Lille,1.41,2.178407942391104,0.34939626003399843
415917,3795,0.1223184381824467,12,12.122318438182447,47.98232383333333,22.737720316048893,Gabriel,Troyes,0.12,0.2423184381824467,0.4545144481157814
209207,3795,0.21866574261969163,93,93.21866574261969,371.81461771666665,22.564147607636418,J. Obiang,Troyes,0.93,1.1486657426196918,0.27804156133138025
29748,3804,0.7765639633017258,258,258.7765639633017,1035.9310369333334,22.482086091022254,F. Chafik,Dijon,2.58,3.356563963301726,0.2916128061877889
21550,3782,1.391594515909219,290,291.3915945159092,1171.0407931,22.394816355635143,Gabriel Silva,Saint-\u00c9tienne,2.9,4.291594515909219,0.32982924993531526
214628,3771,0.6145989478083891,312,312.6145989478084,1262.6058813833333,22.28352831247484,J. Amavi,Olympique Marseille,3.12,3.734598947808389,0.26620651009046675
69525,3799,1.7803613834605585,272,273.78036138346056,1111.8484341166666,22.161503104591272,M. Pavlovi\u0107,Angers,2.72,4.500361383460559,0.3642875342386372
149101,19830,0.9889990044527064,217,217.9889990044527,886.7389212333333,22.124899945875125,A. Tour\u00e9,Monaco,2.17,3.1589990044527063,0.32062414719014154
94695,3771,1.180684117371186,350,351.1806841173712,1430.4049001666667,22.096024396225665,H. Sakai,Olympique Marseille,3.5,4.680684117371186,0.29450512265046247
1712,3766,1.0377054860191635,256,257.03770548601915,1049.1152385166668,22.050383641791147,K. Tete,Olympique Lyonnais,2.56,3.5977054860191635,0.3086348208987347
20677,19830,1.012711779956355,226,227.01271177995636,927.8793601166667,22.01918152121324,A. Raggi,Monaco,2.2600000000000002,3.272711779956355,0.3174378834755388
101555,3771,0.025614598484480666,11,11.02561459848448,45.133232116666676,21.98613454712381,T. Hubo\u010dan,Olympique Marseille,0.11,0.13561459848448065,0.27042853549803963
286917,3776,1.954460838775617,296,297.9544608387756,1225.2793972166667,21.8855401767177,F. Tour\u00e9,Lille,2.96,4.914460838775617,0.3609800968616084
14990,3777,2.265106223987715,317,319.2651062239877,1324.8333934833333,21.688658892126853,F. Diagne,Metz,3.17,5.435106223987715,0.36922345297529524
292654,3766,0.022485437908471795,124,124.02248543790847,516.77160295,21.599529900043173,M. Diakhaby,Olympique Lyonnais,1.24,1.2624854379084718,0.2198721616341525
25557,3766,4.13664603876224,365,369.13664603876225,1555.9581308999998,21.351665885940072,J. Morel,Olympique Lyonnais,3.65,7.786646038762241,0.4503965303251733
29291,3795,2.4905490352599884,266,268.49054903525996,1135.3275390333333,21.283857373659583,J. Giraudon,Troyes,2.66,5.1505490352599885,0.4082957536360695
4786,3777,1.5036569771337156,274,275.5036569771337,1167.4687425166667,21.2385378939497,Iv\u00e1n Balliu,Metz,2.74,4.243656977133716,0.3271429152944384
3334,3767,1.1808024634713945,276,277.1808024634714,1177.88865945,21.178803294838385,Dani Alves,PSG,2.7600000000000002,3.9408024634713947,0.3011084442208954
25789,3782,0.31838212553736867,75,75.31838212553737,320.3935486,21.15727492303933,C. M'Bengue,Saint-\u00c9tienne,0.75,1.0683821255373687,0.3001133815537857
499295,3772,0.0019109474305878393,11,11.001910947430588,46.94787753333333,21.09087859330219,T. Carrique,Bordeaux,0.11,0.11191094743058784,0.21453547631842831
472126,19830,0.14271319891849998,43,43.1427131989185,184.57848901666665,21.036276808789243,J. Serrano,Monaco,0.43,0.5727131989184999,0.27925349360732266
328488,3775,0.27258754041216093,141,141.27258754041216,605.0876741666667,21.012711746521173,P. Burner,Nice,1.41,1.6825875404121609,0.2502660111952362
285457,3782,0.408847950578604,142,142.4088479505786,611.5248691,20.95874912563237,H. Ma\u00efga,Saint-\u00c9tienne,1.42,1.828847950578604,0.26915719027799445
138577,3777,0.4977801910100652,119,119.49778019101007,516.6060152333333,20.818186200045172,C. Philipps,Metz,1.19,1.6877801910100652,0.2940349370928206
15010,3775,3.1950537825695164,355,358.1950537825695,1555.6048127333333,20.723486181421013,Dante,Nice,3.5500000000000003,6.745053782569517,0.39023718328860674
134951,3782,1.4519266995621365,117,118.45192669956214,516.130249,20.655006025350378,L. Lacroix,Saint-\u00c9tienne,1.17,2.6219266995621364,0.4571973904218744
278867,3782,0.9286379671033558,223,223.92863796710336,978.1152276666667,20.604502257997222,S. Janko,Saint-\u00c9tienne,2.23,3.1586379671033558,0.2906379626840666
342743,3766,0.9874912524330739,391,391.9874912524331,1714.1840013333335,20.580564388232663,L. Tousart,Olympique Lyonnais,3.91,4.897491252433074,0.2571335471432074
25764,3780,0.34503658976910856,203,203.3450365897691,890.7675319666666,20.545263086400936,Y. Cahuzac,Toulouse,2.0300000000000002,2.375036589769109,0.23996529443241837
7915,3771,0.0069678121482184,42,42.00696781214822,184.51156386666668,20.48991956853896,P. Evra,Olympique Marseille,0.42,0.4269678121482184,0.208263928222451
366581,3774,2.3747776051258143,374,376.3747776051258,1657.3112277833332,20.43896729630421,J. Gnagnon,Rennes,3.74,6.1147776051258145,0.33206194179797716
70711,3774,1.1500328043491947,181,182.1500328043492,802.6175131166667,20.4250501446615,Mexer,Rennes,1.81,2.960032804349195,0.3319176918491981
426702,3776,0.1939482129409953,124,124.193948212941,547.6001920833334,20.41170821478403,H. Mendyl,Lille,1.24,1.4339482129409953,0.23567438622273168
295569,3772,0.9515072365345674,215,215.95150723653455,953.3447396666667,20.386786481964233,Ot\u00e1vio,Bordeaux,2.15,3.1015072365345673,0.2927961310047295
25625,3774,0.40333016585134374,179,179.40333016585134,801.04673825,20.15650141738358,L. Baal,Rennes,1.79,2.1933301658513438,0.24642721267159587
25427,3775,0.5531782368005338,157,157.55317823680053,703.7571437333334,20.148692155493105,C. Jallet,Nice,1.57,2.123178236800534,0.2715227021332434
203113,3780,0.8841784229292244,266,266.8841784229292,1193.3609812833333,20.127670030096944,I. Sylla,Toulouse,2.66,3.5441784229292246,0.2672921798738595
477744,3787,-0.030929178390977086,91,90.96907082160902,410.36445921666666,19.95108540728201,N. Cozza,Montpellier,0.91,0.879070821609023,0.19279538509703087
25492,3789,1.6752836161776372,346,347.67528361617764,1568.9713920333334,19.943496538139048,T. Monconduit,Amiens SC,3.46,5.135283616177637,0.2945723088405223
209095,3779,0.1760118494529479,53,53.17601184945295,240.50960535000002,19.89875231588444,A. N'Dour,Strasbourg,0.53,0.7060118494529479,0.2641934668609081
40539,3767,2.6886367725930995,264,266.6886367725931,1208.04721065,19.86841002399146,Marquinhos,PSG,2.64,5.3286367725931,0.3969855691942192
134540,3767,0.5825191435997112,202,202.5825191435997,918.2561880666667,19.85549017786774,L. Kurzawa,PSG,2.02,2.6025191435997113,0.2550777505971665
28364,3799,0.40908268060115915,69,69.40908268060116,315.7909272333334,19.781497511606535,M. Tahrat,Angers,0.6900000000000001,1.099082680601159,0.3132371221704405
28866,3795,0.6747942302243644,305,305.6747942302244,1391.5315520666666,19.770109732590665,K. Azamoum,Troyes,3.0500000000000003,3.7247942302243646,0.24090828571031375
14722,3771,1.7152907882855288,346,347.71529078828553,1586.0108171666666,19.731502353087116,Luiz Gustavo,Olympique Marseille,3.46,5.175290788285529,0.29367780213364797
301013,3774,2.6875524884806765,275,277.68755248848066,1270.2195337,19.675244365959998,J. Gelin,Rennes,2.75,5.4375524884806765,0.38527176679274905
286388,3775,0.006839697405894185,40,40.006839697405894,184.8318074,19.480497558379284,A. Lusamba,Nice,0.4,0.4068396974058942,0.1981021193353892
56441,3772,0.8831335624588519,374,374.88313356245885,1748.2214267166667,19.299318441593176,L. Lerager,Bordeaux,3.74,4.623133562458852,0.23800304370067127
237267,3772,0.07326760911382735,40,40.07326760911383,186.91320631666665,19.295555171794476,M. Gaji\u0107,Bordeaux,0.4,0.47326760911382737,0.22788162302497747
8268,3777,0.31508331655351185,130,130.3150833165535,608.6218623999999,19.270351959163893,B. Assou-Ekotto,Metz,1.3,1.615083316553512,0.23883055714860907
25784,3771,0.14443499731487464,78,78.14443499731487,370.45656505,18.984679482759617,A. Abdennour,Olympique Marseille,0.78,0.9244349973148747,0.2245854375589469
20394,3767,1.7094171622501904,242,243.7094171622502,1161.3751778166666,18.886099826790833,Thiago Silva,PSG,2.42,4.12941716225019,0.32000644727158534
28528,3785,1.194990413411574,271,272.1949904134116,1305.5833064833334,18.76368134883147,J. Ikoko,Guingamp,2.71,3.904990413411574,0.26918936192106413
99633,3772,0.3175594134597759,68,68.31755941345978,328.41709821666666,18.721864301824432,I. Lewczuk,Bordeaux,0.68,0.997559413459776,0.2733729385555591
331923,19830,1.2969993688789145,106,107.29699936887891,516.9217276166667,18.68122276020914,K. N'Doram,Monaco,1.06,2.3569993688789146,0.4103714970101071
25826,3774,1.2645289146270784,331,332.2645289146271,1602.92680885,18.655753610965277,B. Andr\u00e9,Rennes,3.31,4.574528914627079,0.25684741189886995
25532,3783,-0.07926834120871717,228,227.92073165879128,1101.3576719833334,18.62507191905377,V. Bessat,Caen,2.2800000000000002,2.200731658791283,0.17983789855890953
25710,3776,1.7826156136245004,132,133.7826156136245,647.4283973,18.597323588892575,A. Soumaoro,Lille,1.32,3.1026156136245007,0.43129928559005615
25919,3777,0.6827259044516154,144,144.68272590445162,703.9007031833333,18.49898042793852,J. Palmieri,Metz,1.44,2.1227259044516154,0.27140949076575505
274344,3799,1.1346370243879473,288,289.1346370243879,1408.8359136,18.4706516074683,B. Santamaria,Angers,2.88,4.014637024387947,0.25646516298100375
266286,3775,1.5261172759284065,218,219.5261172759284,1075.7411906833333,18.366267579921594,Marlon,Nice,2.18,3.7061172759284067,0.3100658018139831
4452,3767,0.1129442501175042,208,208.1129442501175,1021.3364204833332,18.338878950039582,Yuri Berchiche,PSG,2.08,2.1929442501175043,0.1932418922426904
28230,3775,1.644258716403968,244,245.64425871640395,1212.25534755,18.23706806421368,A. Tameze,Nice,2.44,4.084258716403967,0.303222654549846
375001,3780,0.16204313832213302,188,188.16204313832213,930.4834496999999,18.19976904254334,I. Sangar\u00e9,Toulouse,1.8800000000000001,2.042043138322133,0.19751440233380432
37824,3767,0.6556072005213878,224,224.6556072005214,1110.9992247333332,18.198936775045883,T. Meunier,PSG,2.24,2.895607200521388,0.2345678036899408
26332,3772,0.6295846211091884,73,73.62958462110919,370.720746,17.87507898438418,P. Baysse,Bordeaux,0.73,1.3595846211091884,0.33006681503556035
25399,3774,0.4674246175515009,140,140.4674246175515,708.5866717333333,17.841244719795267,M. Zeffane,Rennes,1.4000000000000001,1.867424617551501,0.23718794366892243
28232,3776,1.590203231237581,262,263.5902032312376,1347.8150053,17.601167962609995,I. Amadou,Lille,2.62,4.210203231237581,0.2811352368992522
407699,3783,-0.1896575929517894,80,79.81034240704821,410.5545111166667,17.495681138900398,D. Avounou,Caen,0.8,0.6103424070482106,0.1337966461138929
54380,3782,0.7673033895030272,235,235.767303389503,1212.8324313500002,17.49545671485417,O. Seln\u00e6s,Saint-\u00c9tienne,2.35,3.1173033895030273,0.2313240459302238
25743,3771,0.4326031467001883,260,260.4326031467002,1342.4750263833334,17.459493713151733,B. Sarr,Olympique Marseille,2.6,3.0326031467001884,0.20330678622626583
207143,19830,1.0255244845172058,306,307.0255244845172,1590.7279521833334,17.370850349162588,Fabinho,Monaco,3.06,4.085524484517206,0.2311502750057736
25423,3777,0.6908279694299608,85,85.69082796942996,445.0396008166666,17.329187117498147,M. Bi\u0161evac,Metz,0.85,1.540827969429961,0.31160039914250964
86486,3777,0.6502834477942656,220,220.65028344779427,1171.78606535,16.947227909191728,G. Poblete,Metz,2.2,2.850283447794266,0.21891838270398145
276979,3766,0.8089944504370408,235,235.80899445043704,1263.4533376833335,16.79746205701071,F. Mendy,Olympique Lyonnais,2.35,3.158994450437041,0.22502572280242913
404216,3771,0.31525796378514315,52,52.31525796378514,282.0580493833333,16.69292270521842,B. Kamara,Olympique Marseille,0.52,0.8352579637851432,0.2665168283798847
257750,3776,1.2259271779103642,285,286.22592717791036,1563.4726031333335,16.476357433053842,Thiago Maia,Lille,2.85,4.075927177910364,0.23462735789342712
273819,3804,0.31282676428372724,153,153.31282676428373,838.2097171500001,16.4614584231983,Xeka,Dijon,1.53,1.8428267642837273,0.19786743745879926
273819,3776,0.0008311436613439582,153,153.00083114366134,838.2097171500001,16.42795892387075,Xeka,Lille,1.53,1.530831143661344,0.16436793813124664
26085,3782,0.12608102105537,41,41.12608102105537,226.42610073333333,16.346822561123975,F. Pogba,Saint-\u00c9tienne,0.41000000000000003,0.53608102105537,0.21308184762588447
43196,3780,0.6666331986288014,223,223.6666331986288,1235.2581017999998,16.296186973834423,Som\u00e1lia,Toulouse,2.23,2.8966331986288014,0.21104657196476456
20685,3770,0.9834578012794282,144,144.98345780127943,809.106216,16.127068293484903,R. Krhin,Nantes,1.44,2.423457801279428,0.26957054315245615
26196,19830,0.7472739577981429,220,220.74727395779814,1232.7984654666666,16.115573804418418,D. Sidib\u00e9,Monaco,2.2,2.947273957798143,0.2151646547527318
25457,3787,0.5518257442055869,182,182.5518257442056,1020.146891,16.10519471453107,J. Roussillon,Montpellier,1.82,2.3718257442055872,0.20924860807962103
393228,3775,1.1176998998953707,171,172.11769989989537,964.35333005,16.063192305446204,M. Sarr,Nice,1.71,2.8276998998953706,0.2639001526311817
217874,3770,1.1960399481304762,301,302.1960399481305,1694.2437742666666,16.052969477254784,A. Tour\u00e9,Nantes,3.0100000000000002,4.206039948130476,0.22342923791801506
28990,3779,0.42272547913376,276,276.42272547913376,1557.5808409499998,15.972233760880378,D. Li\u00e9nard,Strasbourg,2.7600000000000002,3.1827254791337602,0.1839039654258521
231138,3767,1.2480147133804849,229,230.24801471338048,1299.01482095,15.952336332120924,P. Kimpembe,PSG,2.29,3.538014713380485,0.24512524342976674
25637,3774,0.44192998632131264,99,99.44192998632131,561.4799248333334,15.939614762585714,R. Danz\u00e9,Rennes,0.99,1.4319299863213126,0.22952503387751985
25649,3782,0.7826020771560991,141,141.7826020771561,800.9238917,15.932143265022853,Y. M'Vila,Saint-\u00c9tienne,1.41,2.1926020771560992,0.2463831944446026
25937,3795,0.8613092555922321,238,238.86130925559223,1352.2959232333333,15.897051424663646,F. Bellugou,Troyes,2.38,3.241309255592232,0.21572041148050267
244357,3789,0.8263900984790382,213,213.82639009847904,1216.40087395,15.820750807561613,B. Zungu,Amiens SC,2.13,2.956390098479038,0.21873965611278443
26120,3799,1.4067857987157026,291,292.4067857987157,1664.35283535,15.811918099896314,T. Mangani,Angers,2.91,4.316785798715703,0.23343050441747984
25947,3783,0.6673950197798746,206,206.66739501977986,1205.0403408,15.435222309181789,B. Sankoh,Caen,2.06,2.7273950197798746,0.2036990326956436
246946,3787,0.7544491072021628,280,280.75444910720216,1643.94219715,15.370309530014849,E. Skhiri,Montpellier,2.8000000000000003,3.554449107202163,0.19459347184030318
26000,3782,0.959477159147923,125,125.95947715914792,738.3296535000001,15.354053423947047,B. Dabo,Saint-\u00c9tienne,1.25,2.209477159147923,0.26932812921797816
26314,3785,0.6304951559746428,203,203.63049515597464,1197.1138473833335,15.309107487225669,L. Deaux,Guingamp,2.0300000000000002,2.660495155974643,0.20001820592176658
27646,3799,1.3232657721410988,215,216.3232657721411,1288.7214297166668,15.107294307795515,P. Capelle,Angers,2.15,3.4732657721410987,0.24256127995126497
289359,3783,0.5322049087337462,200,200.53220490873375,1207.5514894,14.94586243337214,Y. A\u00eft Bennasser,Caen,2.0,2.532204908733746,0.18872772199492194
26311,3804,1.1895652736322972,250,251.1895652736323,1535.3735188666667,14.724144057997217,R. Amalfitano,Dijon,2.5,3.6895652736322972,0.216273675784129
413582,3776,0.6598389766602395,183,183.65983897666024,1129.6065169666665,14.632870171717666,Y. Bissouma,Lille,1.83,2.4898389766602396,0.1983748363112835
25860,3780,0.5576868276970117,220,220.557686827697,1361.9533832166667,14.574795333751052,M. Gradel,Toulouse,2.2,2.757686827697012,0.18223223904077446
295761,3795,0.09861363745937979,269,269.0986136374594,1673.5989481833335,14.471134350114504,S. Grandsir,Troyes,2.69,2.7886136374593797,0.1499613916725832
25470,3774,0.2023871113461837,143,143.20238711134618,892.4909619333334,14.440723088223127,S. Prci\u0107,Rennes,1.43,1.6323871113461836,0.16461213198496305
26055,3789,0.16008410491497216,81,81.16008410491497,507.1882437166667,14.401768297931701,J. Ielsch,Amiens SC,0.81,0.9700841049149722,0.1721403650892204
70171,3783,0.011013021357939579,7,7.01101302135794,44.10214603333334,14.307493595556506,E. Imorou,Caen,0.07,0.08101302135793959,0.16532465147396092
43515,3770,0.347121889562402,184,184.3471218895624,1160.2981508333332,14.299118686127946,Andrei Girotto,Nantes,1.84,2.187121889562402,0.16964688767214164
30427,3804,0.49467904785285555,194,194.49467904785286,1226.0537006666666,14.27712432562185,J. Mari\u00e9,Dijon,1.94,2.4346790478528555,0.17872064999078743
277629,3775,0.7791393836479017,246,246.7791393836479,1568.1935885333335,14.162870392360498,P. Lees Melou,Nice,2.46,3.2391393836479017,0.1858970388987243
29843,3804,0.024574298241759607,43,43.02457429824176,276.2338553,14.017875117575272,A. Bouka Moutou,Dijon,0.43,0.4545742982417596,0.1481052595719188
25800,3785,0.1348725557020316,160,160.13487255570203,1038.1077762333332,13.883085032178583,\u00c9. Didot,Guingamp,1.6,1.7348725557020317,0.15040685908327878
7986,3804,0.15023275040721273,131,131.1502327504072,851.5332987666667,13.861490753952298,M. Abeid,Dijon,1.31,1.4602327504072128,0.15433447843671527
25439,3767,-0.4741570493556537,129,128.52584295064435,836.5258949333333,13.827815654744132,T. Motta,PSG,1.29,0.8158429506443463,0.087774767048715
25859,3783,0.12356750423913354,77,77.12356750423913,503.8154193333333,13.777111237616076,I. Diomand\u00e9,Caen,0.77,0.8935675042391336,0.15962408512216256
86338,3771,0.6020571022169179,217,217.60205710221692,1427.0721552166665,13.72333211576547,L. Ocampos,Olympique Marseille,2.17,2.772057102216918,0.17482307274199763
25503,3777,0.3926737966283156,97,97.39267379662832,639.9126833666667,13.697713562389346,G. Mandjeck,Metz,0.97,1.3626737966283156,0.1916521501829273
253333,3780,0.47130911777992424,185,185.47130911777992,1219.7024180666667,13.685647887014206,A. Blin,Toulouse,1.85,2.3213091177799243,0.1712858952361068
25829,3787,0.36858048582075753,264,264.36858048582076,1745.9277178,13.627810590981998,P. Lasne,Montpellier,2.64,3.0085804858207577,0.15508788878445756
141172,3779,0.43806962037530184,242,242.4380696203753,1603.3499848166668,13.608648437620246,J. Aholou,Strasbourg,2.42,2.8580696203753018,0.1604305162750785
366401,3771,1.293699901089326,257,258.2936999010893,1719.977335,13.515546116831848,A. Zambo Anguissa,Olympique Marseille,2.57,3.863699901089326,0.20217300776119781
116345,3787,-0.35276699716337134,105,104.64723300283663,706.08142005,13.338760520831094,F. P\u00edriz,Montpellier,1.05,0.6972330028366287,0.08887214487367898
376908,3777,0.04684445757169442,13,13.046844457571694,88.17393018333333,13.317042789631751,A. Jallow,Metz,0.13,0.17684445757169442,0.18050688166399717
209028,3770,-0.8437203115138345,246,245.15627968848617,1663.3469873166666,13.26486015257574,A. Thomasson,Nantes,2.46,1.6162796884861654,0.08745329331339412
149053,3775,0.12689439857297202,132,132.12689439857297,903.0644009333333,13.167854345251092,R. Walter,Nice,1.32,1.446894398572972,0.14419845997359906
21383,3767,0.28336220972573756,149,149.28336220972574,1023.8814495333334,13.122127180836195,M. Verratti,PSG,1.49,1.7733622097257375,0.1558799594895096
149053,3795,-0.511216755244277,132,131.48878324475572,903.0644009333333,13.104259762423778,R. Walter,Troyes,1.32,0.808783244755723,0.08060387714628635
25598,3771,0.23355805120351203,47,47.23355805120351,328.32769248333335,12.947492160820724,G. Sertic,Olympique Marseille,0.47000000000000003,0.703558051203512,0.19285678929300293
25996,3766,0.03365606267834664,14,14.033656062678347,97.87725576666666,12.90421391310801,M. Yanga-Mbiwa,Olympique Lyonnais,0.14,0.17365606267834666,0.15968005558216586
93044,3795,0.2522894454324103,148,148.2522894454324,1036.8467584666666,12.868541991509604,S. Darbion,Troyes,1.48,1.7322894454324103,0.15036556638270968
209117,3767,0.7582016024611988,215,215.7582016024612,1513.7545747,12.82786421839212,A. Rabiot,PSG,2.15,2.9082016024611987,0.17290659172632386
216614,3766,-0.02710543565399348,13,12.972894564346007,92.48382629999999,12.6244831934591,C. Martins Pereira,Olympique Lyonnais,0.13,0.10289456434600652,0.10013113818519194
299154,3770,0.04647141573332192,45,45.04647141573332,321.73322636666666,12.601068510081726,S. Moutoussamy,Nantes,0.45,0.49647141573332193,0.1388803634632258
366542,3799,0.024588994469013414,53,53.02458899446901,381.8951437333333,12.496134312811565,J. Reine-Adelaide,Angers,0.53,0.5545889944690134,0.1306982042617019
26285,3779,0.5637695920849239,186,186.56376959208492,1354.0080522833334,12.400767657897275,A. Gon\u00e7alves,Strasbourg,1.86,2.4237695920849243,0.16110632645041048
134542,3775,0.18196633215211477,89,89.18196633215211,647.4513890833333,12.39687968120278,N. Mendy,Nice,0.89,1.071966332152115,0.1490103682228301
26065,3779,1.310221189215099,223,224.3102211892151,1660.8581251333335,12.155114035046598,J. Martin,Strasbourg,2.23,3.540221189215099,0.19184053243788068
25939,3785,0.6735108313195042,160,160.6735108313195,1204.6270117833333,12.004226896266603,M. Diallo,Guingamp,1.6,2.2735108313195043,0.16985836513481573
149062,3795,-0.4447970959427039,86,85.5552029040573,645.3952297666667,11.9306246873702,T. Dingom\u00e9,Troyes,0.86,0.4152029040572961,0.05789981028937354
14717,3772,0.5068049707233513,17,17.50680497072335,135.15510223333334,11.657809593047741,D. Contento,Bordeaux,0.17,0.6768049707233513,0.45068551877487883
70093,19830,1.0409523209632994,199,200.0409523209633,1544.718728,11.654992836266496,Jo\u00e3o Moutinho,Monaco,1.99,3.0309523209632996,0.17659247858015026
437636,3783,0.19019910755926617,72,72.19019910755927,559.3270204,11.615955751670912,J. Deminguet,Caen,0.72,0.9101991075592661,0.14645800523234287
256706,3785,0.3522531741623425,130,130.35225317416234,1018.3096121166667,11.520762100329188,L. Phiri,Guingamp,1.3,1.6522531741623425,0.14602905040394934
330387,3785,0.3125027694495657,165,165.31250276944957,1306.4347875333333,11.388341302011487,M. Coco,Guingamp,1.6500000000000001,1.9625027694495658,0.13519637637937162
25650,3782,0.7193999402434201,111,111.71939994024342,883.2429246833333,11.383896449809443,V. Pajot,Saint-\u00c9tienne,1.11,1.8293999402434202,0.1864107710581864
228981,3774,0.5977246107614747,219,219.59772461076147,1739.8607325666667,11.359412190315203,B. Bourigeaud,Rennes,2.19,2.7877246107614746,0.14420419420490546
209209,3799,0.4598929851285902,177,177.4598929851286,1426.4516868666665,11.196586968707097,F. Tait,Angers,1.77,2.2298929851285902,0.14069201958210598
3803,3766,-0.0003183767175869434,16,15.999681623282413,131.61680856666666,10.94063411639435,Sergi Darder,Olympique Lyonnais,0.16,0.15968162328241306,0.10919081120355376
397046,3766,0.18963104458438806,180,180.1896310445844,1487.10319975,10.905138793823374,H. Aouar,Olympique Lyonnais,1.8,1.989631044584388,0.1204131589809626
28122,3776,0.21891421858344984,164,164.21891421858345,1400.68534585,10.551764765343147,Y. Benzia,Lille,1.6400000000000001,1.85891421858345,0.11944315700039242
25504,19830,0.15798906933196122,109,109.15798906933196,932.1739102166666,10.539040954231831,S. Me\u00eft\u00e9,Monaco,1.09,1.2479890693319613,0.1204914823391378
25504,3772,0.08414111352499276,109,109.08414111352499,932.1739102166666,10.531911044297877,S. Me\u00eft\u00e9,Bordeaux,1.09,1.1741411135249928,0.11336157240518314
397030,3767,0.055707322051603114,5,5.055707322051603,43.48250929999999,10.464291649898971,S. Nsoki,PSG,0.05,0.10570732205160312,0.21879277755123214
260002,3770,0.5040029121791463,163,163.50400291217915,1455.7336119666666,10.108552925569926,V. Rongier,Nantes,1.6300000000000001,2.134002912179146,0.13193365909622273
29137,3779,0.5326487422327659,114,114.53264874223277,1025.9619774666667,10.047095909200838,J. Grimm,Strasbourg,1.1400000000000001,1.672648742232766,0.14672901151040943
25835,3804,-0.23414231084365156,133,132.76585768915635,1190.6202873500001,10.035884084101374,F. Sammaritano,Dijon,1.33,1.0958576891563485,0.08283681461836075
249926,3795,0.16496817631775684,77,77.16496817631776,699.3033113500001,9.931094309365731,A. Confais,Troyes,0.77,0.9349681763177569,0.12032995483197795
25647,3783,1.156149408500596,187,188.1561494085006,1713.4238581833333,9.883166599955874,J. F\u00e9ret,Caen,1.87,3.026149408500596,0.1589527573485628
125076,3787,0.001603944399903412,15,15.001603944399903,137.49701123333335,9.819445112918034,A. Oyongo,Montpellier,0.15,0.1516039443999034,0.09923382969275416
356237,3767,0.40015562888186196,165,165.40015562888186,1525.8609514333332,9.755812934734346,G. Lo Celso,PSG,1.6500000000000001,2.0501556288818623,0.12092452226793174
294695,3789,0.21394976686133305,171,171.21394976686133,1590.6065178,9.68766021424983,T. Ndomb\u00e8l\u00e9,Amiens SC,1.71,1.923949766861333,0.10886129101056045
26042,3782,0.15899037739666255,146,146.15899037739666,1360.0363615333333,9.672027532510423,K. Monnet-Paquet,Saint-\u00c9tienne,1.46,1.6189903773966625,0.1071362046536933
233855,3774,0.06901866766565945,5,5.0690186676656594,47.232819199999994,9.658785730281146,S. Coulibaly,Rennes,0.05,0.11901866766565945,0.22678468639681265
294695,3766,-0.41804138014231285,171,170.5819586198577,1590.6065178,9.651900771173361,T. Ndomb\u00e8l\u00e9,Olympique Lyonnais,1.71,1.2919586198576871,0.07310184793409241
26378,3789,0.0008379426435567439,5,5.000837942643557,46.97223041666666,9.581733948878538,S. Baradji,Amiens SC,0.05,0.05083794264355675,0.09740680392082596
280115,3771,0.15418892990257405,119,119.15418892990257,1124.1398951333333,9.539628519650824,M. Lopez,Olympique Marseille,1.19,1.344188929902574,0.10761739194113619
342194,3772,0.034585058630000276,5,5.03458505863,47.55226576666667,9.528729030496045,O. Verdon,Bordeaux,0.05,0.08458505863000028,0.16009027443727752
131959,3775,0.27905400625009236,153,153.27905400625008,1449.2672900833334,9.518682271349189,J. Seri,Nice,1.53,1.8090540062500924,0.11234287952027566
352992,3775,0.1634652938060981,23,23.163465293806098,219.0491044,9.517098379163922,J. Makengo,Nice,0.23,0.39346529380609807,0.16166181797248574
25596,3772,0.33828883474140525,106,106.3382888347414,1007.6460233666666,9.497825400184398,J. Pla\u0161il,Bordeaux,1.06,1.3982888347414053,0.12489107504861666
38015,3783,-0.021134445907364352,98,97.97886555409264,937.1628770333333,9.4093546767268,S. Peeters,Caen,0.98,0.9588655540926356,0.0920842064738206
263802,19830,0.5492944905074637,127,127.54929449050746,1230.1246319499999,9.331929632161264,Y. Tielemans,Monaco,1.27,1.8192944905074637,0.133105621896308
41056,3776,0.801938625942995,144,144.801938625943,1405.0588285000001,9.275180662896258,Thiago Mendes,Lille,1.44,2.241938625942995,0.14360571403994388
288423,3780,0.04048823635184817,19,19.040488236351848,184.7961970333333,9.273155880813725,Z. Machach,Toulouse,0.19,0.23048823635184817,0.11225307449332722
366760,3799,0.34690740263835096,94,94.34690740263835,920.2932890333334,9.226647382332368,L. Coulibaly,Angers,0.9400000000000001,1.286907402638351,0.12585299449386345
26512,3777,0.4086790967643452,137,137.40867909676433,1343.9435861666668,9.201860290864282,M. Dossevi,Metz,1.37,1.7786790967643453,0.1191129749466574
25999,3782,0.07697062492852069,138,138.07697062492852,1362.2827805499999,9.122134944131345,R. Cabella,Saint-\u00c9tienne,1.3800000000000001,1.4569706249285208,0.09625560721734022
38236,3783,0.10729638658767726,57,57.10729638658768,563.4790123500001,9.121292119395633,J. Delaplace,Caen,0.5700000000000001,0.6772963865876773,0.1081791396962062
25891,3795,0.42341657632493934,118,118.42341657632494,1169.8834226,9.11040133228164,B. Nivet,Troyes,1.18,1.6034165763249393,0.1233520272887783
470517,3777,-0.0034369132818028447,9,8.996563086718197,89.48553836666666,9.04828526020521,L. Goudiaby,Metz,0.09,0.08656308671819715,0.08706074687415379
26100,3804,-0.3088728625486965,143,142.6911271374513,1427.4105705166667,8.9968518572216,N. Sliti,Dijon,1.43,1.1211271374513034,0.07068845113995123
28965,3777,0.06687609390723992,79,79.06687609390724,790.9889428166666,8.996356918861487,O. Nguette,Metz,0.79,0.85687609390724,0.09749674651207609
228983,3775,0.24741935119186564,75,75.24741935119187,755.5706100166667,8.963116950059614,W. Cyprien,Nice,0.75,0.9974193511918656,0.11880787899530365
364644,3782,0.1886552734038105,114,114.18865527340381,1149.9400661666666,8.93696921863478,A. Diouss\u00e9,Saint-\u00c9tienne,1.1400000000000001,1.3286552734038106,0.10398713648178233
26033,3777,-0.0006069209739507642,18,17.99939307902605,186.27863133333332,8.696356450104892,Y. Jouffre,Metz,0.18,0.17939307902604923,0.08667326465080873
26414,3789,0.1530548597879715,53,53.15305485978797,552.2749368666666,8.661944654815729,G. N'Gosso,Amiens SC,0.53,0.6830548597879715,0.11131219846711796
3315,3767,0.2827539700510897,43,43.28275397005109,452.84854408333337,8.602098666762537,L. Diarra,PSG,0.43,0.7127539700510896,0.14165410961947036
566942,3804,0.15132798004742654,18,18.151327980047427,190.44052958333336,8.578108461357884,E. Loiodice,Dijon,0.18,0.33132798004742653,0.1565817857654082
90880,3789,0.17537421597752356,55,55.17537421597753,580.7788392333333,8.550214546372148,S. Mendoza,Amiens SC,0.55,0.7253742159775236,0.1124071247570864
229119,3770,0.014320840315917849,22,22.014320840315918,236.8920388,8.363678600871719,N. Gandi,Nantes,0.22,0.23432084031591785,0.08902315052570103
276944,3782,0.02844117085481912,148,148.02844117085482,1594.7692401833333,8.353910628377422,J. Bamba,Saint-\u00c9tienne,1.48,1.508441170854819,0.08512811882509529
26539,3799,0.36024144768171595,55,55.360241447681716,596.6587078333333,8.350538867327,P. Oniangu\u00e9,Angers,0.55,0.910241447681716,0.13730082074698877
26384,3789,0.22965745076976418,155,155.22965745076976,1697.6821777333332,8.229260667165788,G. Kakuta,Amiens SC,1.55,1.7796574507697642,0.0943457925576678
397033,3776,-0.40146526943493654,60,59.59853473056506,653.9265192,8.202554825751522,B. Soumar\u00e9,Lille,0.6,0.19853473056506343,0.02732436325218191
38095,3789,0.23026885673561992,116,116.23026885673562,1283.1319873166665,8.152492729124509,S. Gakp\u00e9,Amiens SC,1.16,1.3902688567356198,0.09751467373817885
26389,3772,0.1757046087143408,120,120.17570460871434,1330.2527254833333,8.13064555898916,Y. Sankhar\u00e9,Bordeaux,1.2,1.3757046087143407,0.0930751070172056
149054,3804,0.22949106563876853,119,119.22949106563877,1320.8980700166665,8.123756434720278,W. Sa\u00efd,Dijon,1.19,1.4194910656387685,0.0967176792876056
209086,3771,-0.08804065528028104,136,135.91195934471972,1508.2850097,8.109923696356136,M. Sanson,Olympique Marseille,1.36,1.271959344719719,0.07589834831517964
134797,3782,0.31930685259840175,58,58.3193068525984,647.2643558,8.109109623758856,Hernani,Saint-\u00c9tienne,0.58,0.8993068525984017,0.1250456880694745
229697,3770,0.045197011889854366,63,63.045197011889854,707.1381338166667,8.023987760984124,Y. Bammou,Nantes,0.63,0.6751970118898544,0.08593473914651249
275243,3795,0.36042104338571335,129,129.3604210433857,1476.5796046833334,7.884734325855426,S. Khaoui,Troyes,1.29,1.6504210433857134,0.10059592685256517
25411,3785,0.9320920748790513,150,150.93209207487905,1731.5760175333335,7.844811980065218,J. Briand,Guingamp,1.5,2.4320920748790513,0.12640986276243626
29590,3789,-0.043785409122762076,67,66.95621459087724,774.9964550833333,7.77559597034671,E. Bourgaud,Amiens SC,0.67,0.626214590877238,0.07272202706126088
26956,3785,0.11241857961547908,114,114.11241857961548,1332.4640598833332,7.707613271809084,N. Benezet,Guingamp,1.1400000000000001,1.2524185796154792,0.08459340522495021
135913,19830,0.14273555329896226,145,145.14273555329896,1705.19345365,7.6606241783509255,Rony Lopes,Monaco,1.45,1.5927355532989622,0.08406447930589415
256084,3804,0.604606567528208,129,129.6046065675282,1526.3838930499999,7.641861686426645,Kwon Chang-Hoon,Dijon,1.29,1.894606567528208,0.11171147170376566
406156,3777,-0.00815570930717513,4,3.991844290692825,47.04066254999999,7.637349618120001,V. Thill,Metz,0.04,0.03184429069282487,0.06092571845279503
279734,3775,0.1873497617598332,58,58.18734976175983,692.3501943666666,7.56389110766243,V. Koziello,Nice,0.58,0.7673497617598332,0.09974934523064527
30437,3777,0.12778678763697826,81,81.12778678763698,993.7246871833333,7.3476093580638455,F. Mollet,Metz,0.81,0.9377867876369783,0.08493379703241372
25889,3782,0.09586757399199541,104,104.095867573992,1279.2857020333333,7.323327437153806,R. Hamouma,Saint-\u00c9tienne,1.04,1.1358675739919954,0.07991028235271867
250134,3776,0.19192378654770437,125,125.1919237865477,1544.9690337333334,7.292879594850223,Luiz Ara\u00fajo,Lille,1.25,1.4419237865477044,0.08399724392902794
28948,3789,0.22553253647637916,60,60.22553253647638,743.9311846666666,7.286020589003199,G. Fofana,Amiens SC,0.6,0.8255325364763791,0.09987204436948668
28115,3766,0.22017970307683754,114,114.22017970307684,1418.0088292666667,7.249472613363906,N. Fekir,Olympique Lyonnais,1.1400000000000001,1.3601797030768377,0.08632962697434246
25942,3780,0.41252600455732136,103,103.41252600455732,1290.3574460666669,7.21282879312288,G. Imbula,Toulouse,1.03,1.4425260045573214,0.100613470171312
40574,3771,0.050959731275270315,11,11.05095973127527,139.68269391666666,7.12032641930671,D\u00f3ria,Olympique Marseille,0.11,0.1609597312752703,0.10370916688803809
26381,3779,0.5371857214461215,65,65.53718572144612,834.8128508166667,7.065471870922945,B. Corgnet,Strasbourg,0.65,1.1871857214461214,0.12798882387307134
142755,3766,0.3262193297889553,113,113.32621932978896,1454.4545231999998,7.012498209460007,B. Traor\u00e9,Olympique Lyonnais,1.1300000000000001,1.4562193297889554,0.09010920423462712
215130,3779,0.20749342655972214,88,88.20749342655972,1140.91252515,6.958179731918228,Nuno Da Costa,Strasbourg,0.88,1.087493426559722,0.08578607582339152
229078,3772,-0.013419540511677042,7,6.986580459488323,90.8609298,6.920380880297233,J. Prior,Bordeaux,0.07,0.056580459488322965,0.056044345629721555
135937,3777,0.15558590433010977,35,35.15558590433011,466.1578206333333,6.787406735107478,Caf\u00fa,Metz,0.35000000000000003,0.5055859043301099,0.09761228788972966
131321,3783,0.07429801504531497,65,65.07429801504531,862.9118356666665,6.787120745457538,C. Kouakou,Caen,0.65,0.724298015045315,0.07554285230508684
394006,3779,0.03716679113995269,84,84.03716679113995,1135.6528193000001,6.659909509901566,M. Terrier,Strasbourg,0.84,0.8771667911399527,0.06951509287077393
412701,3775,0.020004930935101584,70,70.0200049309351,959.2367759666666,6.569598457516964,I. Sacko,Nice,0.7000000000000001,0.7200049309351017,0.0675541695311429
412701,3779,0.00818911314036086,70,70.00818911314036,959.2367759666666,6.568489843222589,I. Sacko,Strasbourg,0.7000000000000001,0.7081891131403609,0.06644555523676808
29641,3795,-0.20747939094394496,100,99.79252060905606,1369.3929787999998,6.558619033292684,B. Pel\u00e9,Troyes,1.0,0.792520609056055,0.0520864762119262
325781,3774,0.09672087883609493,105,105.0967208788361,1454.3738931333332,6.50362669720179,J. Lea Siliki,Rennes,1.05,1.146720878836095,0.07096172420484105
26547,3799,0.022834350812900084,42,42.0228343508129,596.5888572333333,6.339466528276025,B. Ketkeophomphone,Angers,0.42,0.44283435081290007,0.06680495468518813
25407,3785,0.1439453528132617,52,52.14394535281326,747.92050205,6.274670996302572,C. Grenier,Guingamp,0.52,0.6639453528132617,0.07989496422334845
25407,3766,-0.0011860839440487325,52,51.99881391605595,747.92050205,6.257206801548777,C. Grenier,Olympique Lyonnais,0.52,0.5188139160559513,0.06243076946955263
139295,3774,0.054261320638033794,3,3.054261320638034,43.94688921666666,6.254902764611941,R. M'Bolhi,Rennes,0.03,0.0842613206380338,0.17256099333982042
229198,3789,0.17566574091938492,117,117.17566574091938,1687.9324846666668,6.247767616585288,H. Manzala,Amiens SC,1.17,1.3456657409193848,0.07175045079285944
222761,3774,0.043304293358232826,16,16.043304293358233,231.14301298333334,6.246770636784742,Afonso Figueiredo,Rennes,0.16,0.20330429335823283,0.07916045640350071
247671,3776,-0.04736225632260016,114,113.9526377436774,1645.7626527,6.231601731942113,N. P\u00e9p\u00e9,Lille,1.1400000000000001,1.0926377436774,0.059751870520111716
256992,3799,0.13510944048437068,92,92.13510944048437,1336.1395788500001,6.206058095203316,A. Fulgini,Angers,0.92,1.0551094404843706,0.07107030668556663
228946,3766,0.2135676595324867,93,93.21356765953249,1362.9329830333334,6.155270430602491,M. Cornet,Olympique Lyonnais,0.93,1.1435676595324868,0.07551441680489926
28922,19830,0.06462867015011398,94,94.06462867015011,1381.50992105,6.127944831463221,T. Lemar,Monaco,0.9400000000000001,1.004628670150114,0.06544765183067973
25514,3782,-0.004443277965947345,40,39.99555672203405,588.2622061000001,6.119040230116637,P. Ntep,Saint-\u00c9tienne,0.4,0.3955567220340527,0.0605174097773213
26216,3782,0.85663354377823,15,15.85663354377823,234.4319006,6.087469389991545,J. Moulin,Saint-\u00c9tienne,0.15,1.0066335437782299,0.38645345922704466
448079,3774,0.0989497934737642,73,73.09894979347376,1080.9539821666667,6.086203103878544,I. Sarr,Rennes,0.73,0.8289497934737642,0.06901818453279517
351851,3782,0.0059786400159964614,12,12.005978640015996,178.79083661666664,6.0435875688537015,Vagner,Saint-\u00c9tienne,0.12,0.12597864001599646,0.06341531711576968
229140,3780,0.0006035676638020959,22,22.000603567663802,330.42801105,5.992392457279061,Y. Bodiger,Toulouse,0.22,0.2206035676638021,0.06008667675192299
1751,3782,-0.047126272477953535,18,17.952873727522046,269.7138564166667,5.990640069232795,O. Tannane,Saint-\u00c9tienne,0.18,0.13287372752204646,0.04433823176852255
335763,3787,0.1905248333271814,87,87.19052483332717,1310.0767311833333,5.98983788370279,J. Sambia,Montpellier,0.87,1.0605248333271815,0.07285621729441231
229124,3774,0.17237811379357026,70,70.17237811379357,1059.73294995,5.959533513173672,A. Hunou,Rennes,0.7000000000000001,0.8723781137935703,0.07408850526458177
373817,3804,0.0422288381105318,17,17.042228838110532,258.4106580833333,5.935515999248459,E. Massouema,Dijon,0.17,0.2122288381105318,0.07391566420525977
276211,3775,0.07706836436659614,91,91.0770683643666,1383.6807815666666,5.924008096370355,A. Saint-Maximin,Nice,0.91,0.9870683643665962,0.06420277998832166
330395,3777,0.004509223536388163,9,9.004509223536388,136.8200997666667,5.923148948877708,G. Hein,Metz,0.09,0.09450922353638816,0.06216798652230774
217872,3770,0.04381257715704123,77,77.04381257715704,1183.3722991666666,5.8594773063616845,J. Iloki,Nantes,0.77,0.8138125771570413,0.061893566374429825
25716,3777,0.39783813861822637,104,104.39783813861823,1606.9035036999999,5.847149757805113,N. Roux,Metz,1.04,1.4378381386182264,0.0805309293169602
25715,3783,1.000852392523825,111,112.00085239252383,1732.0602665000001,5.819703222969317,R. Rodelin,Caen,1.11,2.1108523925238254,0.10968250874493707
25770,3771,0.23608597135966392,102,102.23608597135967,1592.5286202,5.777759734243784,F. Thauvin,Olympique Marseille,1.02,1.256085971359664,0.0709863144614459
234138,3783,0.021560899377163878,44,44.021560899377164,685.8753457166666,5.776473094836408,J. Repas,Caen,0.44,0.4615608993771639,0.06056564243541861
340920,3785,0.16851623592168608,90,90.16851623592169,1440.5648682666665,5.63332248342095,L. Blas,Guingamp,0.9,1.068516235921686,0.06675607836297041
54313,3799,0.00747475974549161,9,9.007474759745492,144.89056878333335,5.595068990234686,S. Ciss,Angers,0.09,0.09747475974549161,0.060547269920741484
25923,3776,0.10156226443359628,94,94.1015622644336,1517.4932466666667,5.581007113146883,N. de Pr\u00e9ville,Lille,0.9400000000000001,1.0415622644335962,0.06177332518937711
25923,3772,-0.12164949130772129,94,93.87835050869228,1517.4932466666667,5.567768795242769,N. de Pr\u00e9ville,Bordeaux,0.9400000000000001,0.8183505086922788,0.04853500728526367
334552,3772,-0.4133627569509599,99,98.58663724304904,1597.81370635,5.5530862682003015,F. Kamano,Bordeaux,0.99,0.5766372430490401,0.032480226992774044
26069,3783,0.03791614591114012,51,51.03791614591114,845.1768346333333,5.434853707419444,H. Bazile,Caen,0.51,0.5479161459111401,0.05834572258880716
408827,3775,0.12170261454070896,69,69.12170261454071,1149.55237945,5.41163095002688,B. Srarfi,Nice,0.6900000000000001,0.811702614540709,0.06354928806603483
26365,3804,2.071441851694658,105,107.07144185169466,1798.28292235,5.358683912795886,B. Reynet,Dijon,1.05,3.121441851694658,0.15622111691157006
426704,3777,0.003339240687637357,3,3.0033392406876374,50.447001016666675,5.358109029565217,L. Fournier,Metz,0.03,0.033339240687637356,0.059478890745082086
25704,3804,0.13146262227337502,56,56.131462622273375,948.7426335833334,5.324765070295403,F. Balmont,Dijon,0.56,0.6914626222733751,0.06559380152398053
25474,3785,0.05125126044595163,37,37.05125126044595,635.56933235,5.246654367526668,R. Camara,Guingamp,0.37,0.4212512604459516,0.05965142040437164
343116,3787,-0.004837679312913679,8,7.995162320687086,137.38654291666668,5.237518854363324,M. Poaty,Montpellier,0.08,0.07516232068708632,0.04923778354289704
48318,3772,-0.022515085752729647,48,47.97748491424727,825.4796803666667,5.230866058828087,Jonathan Cafu,Bordeaux,0.48,0.45748491424727034,0.04987844432944197
245807,3776,-0.007635313449100067,29,28.9923646865509,499.00734374999996,5.229006856253468,F. Bahlouli,Lille,0.29,0.2823646865508999,0.05092674909071615
286553,3776,0.29417452343241735,68,68.29417452343242,1177.5378070833333,5.219769310280784,A. El Ghazi,Lille,0.68,0.9741745234324174,0.07445680858951209
471771,3776,0.14643074813375279,19,19.146430748133753,330.61709344999997,5.212007489844558,I. Faraj,Lille,0.19,0.3364307481337528,0.09158258278807621
25605,3770,1.4361215555043145,97,98.43612155550431,1709.6335317333333,5.181959043008081,E. Sala,Nantes,0.97,2.4061215555043143,0.12666512207200067
49921,3804,-0.006120593498053495,8,7.9938794065019465,139.54284834999999,5.155757927347591,V. R\u00fcfli,Dijon,0.08,0.0738794065019465,0.04764949736799024
27354,3804,1.198451745809507,69,70.1984517458095,1227.4560496000001,5.147117617108736,J\u00falio Tavares,Dijon,0.6900000000000001,1.888451745809507,0.13846577820708278
219350,3795,0.17430415240721686,87,87.17430415240722,1528.6095169166665,5.132564783151461,A. Niane,Troyes,0.87,1.044304152407217,0.06148553484491576
276920,3772,0.05930879476090922,54,54.05930879476091,956.8170796666667,5.084919463627735,V. Vada,Bordeaux,0.54,0.5993087947609093,0.056372103586688205
50812,3780,0.09543559475787333,52,52.09543559475787,927.1446221166666,5.057020330683883,J. Durmaz,Toulouse,0.52,0.6154355947578733,0.059741708258799285
26124,3804,0.636258531895578,60,60.63625853189558,1083.4568723666666,5.036899397712011,B. Jeannot,Dijon,0.6,1.236258531895578,0.10269284427312948
25403,3766,-0.029576758276562032,63,62.97042324172344,1125.4041462166667,5.035824784196249,J. Ferri,Olympique Lyonnais,0.63,0.600423241723438,0.04801660979904175
15062,3767,-0.058697846054883485,10,9.941302153945117,181.61287521666665,4.926507511032192,K. Trapp,PSG,0.1,0.04130215394511652,0.020467678024621454
25433,3789,0.08792680826127253,33,33.08792680826127,616.9131152833332,4.827119636410763,M. Bodmer,Amiens SC,0.33,0.41792680826127254,0.06097035678393642
26068,3799,0.3292148324912887,20,20.32921483249129,382.3757277666666,4.784899255008918,L. Puyo,Angers,0.2,0.5292148324912886,0.12456160646598459
25410,3775,0.21191023068234927,85,85.21191023068235,1626.4195187166667,4.715309815522089,A. Pl\u00e9a,Nice,0.85,1.0619102306823494,0.058762158017399396
8899,3770,0.020485566062461658,20,20.02048556606246,384.11073941666666,4.690948510531125,A. Ka\u010danikli\u0107,Nantes,0.2,0.22048556606246167,0.05166140622820744
134512,3780,0.10986056813651146,78,78.10986056813651,1509.00484335,4.65862484279765,C. Jean,Toulouse,0.78,0.8898605681365115,0.05307302457326207
25521,3795,1.2487514749790023,40,41.248751474979,802.4573723833333,4.626273943651558,E. Zelazny,Troyes,0.4,1.6487514749790022,0.18491652996768224
26583,3789,1.0924964490741331,88,89.09249644907413,1739.7117186833334,4.608996188451949,R. Gurtner,Amiens SC,0.88,1.972496449074133,0.10204258470537178
25616,3795,0.04110794595817424,37,37.041107945958174,736.6544559833333,4.525459240840675,C. Ben Saada,Troyes,0.37,0.41110794595817424,0.050226690187933645
25938,3789,-0.001359253830742091,7,6.998640746169258,141.19594790000002,4.461018014492419,C. Charrier,Amiens SC,0.07,0.06864074616925792,0.043752439408590214
278913,3770,0.04864036244543968,7,7.04864036244544,143.07631803333334,4.43384091329702,J. Kayembe,Nantes,0.07,0.11864036244543968,0.07462893067741609
266917,19830,-0.0005446996365208179,9,8.99945530036348,182.94517628333332,4.427287964009037,A. Traor\u00e9,Monaco,0.09,0.08945530036347918,0.044007593948496945
37896,3777,0.570339195138672,66,66.57033919513867,1358.9196626333332,4.408892366714598,E. Kawashima,Metz,0.66,1.2303391951386722,0.08148423384198103
134496,3776,0.462753281290027,77,77.46275328129002,1583.67671285,4.402191267162006,M. Maignan,Lille,0.77,1.232753281290027,0.07005709840642899
264989,3774,0.05234292407897101,68,68.05234292407897,1400.2531727166668,4.374002489338697,F. Mubele,Rennes,0.68,0.7323429240789711,0.04707067582588087
264989,3780,0.030153970535138797,68,68.03015397053514,1400.2531727166668,4.372576314516988,F. Mubele,Toulouse,0.68,0.7101539705351388,0.045644501004173124
244335,3787,0.029030996821234112,38,38.029030996821234,783.0728166833334,4.370746521645612,K. Dolly,Montpellier,0.38,0.4090309968212341,0.0470106852512514
209211,3783,0.05360889526855317,22,22.053608895268553,458.16205656666665,4.332145737793894,J. Nkololo,Caen,0.22,0.27360889526855314,0.05374692255989264
413597,3776,0.06859775828343118,13,13.068597758283431,273.3336794166667,4.303069423261826,R. Kouam\u00e9,Lille,0.13,0.19859775828343118,0.06539186200417767
347200,3767,0.01928516551743087,43,43.01928516551743,910.7108752666667,4.251333513243575,C. Nkunku,PSG,0.43,0.44928516551743086,0.044400112038553124
101795,3789,0.7136131353155122,38,38.71361313531551,826.4694837000001,4.215794110848422,L. Traor\u00e9,Amiens SC,0.38,1.093613135315512,0.11909112691948275
404213,3780,0.49214552015229174,83,83.49214552015229,1803.0257916333333,4.167601557161656,A. Lafont,Toulouse,0.8300000000000001,1.3221455201522918,0.06599633647276462
25519,3770,0.006778953537832422,2,2.0067789535378324,43.490511500000004,4.152862304652474,M. Dup\u00e9,Nantes,0.02,0.026778953537832422,0.05541681933092274
25741,3785,0.18798152165709325,33,33.18798152165709,722.8895114833333,4.131915444201328,Y. N'Gbakoto,Guingamp,0.33,0.5179815216570933,0.06448888275260752
229110,3777,0.12685869812892747,19,19.126858698128927,417.42201151666666,4.1239255126412315,T. Didillon,Metz,0.19,0.3168586981289275,0.06831763070660408
25930,3795,0.31158553231455244,45,45.31158553231455,991.4676044166666,4.113137615129282,M. Samassa,Troyes,0.45,0.7615855323145524,0.06913256429456115
209014,3777,0.012445601838408038,15,15.012445601838408,330.52627010000003,4.087784319705293,F. Boulaya,Metz,0.15,0.16244560183840803,0.044232805341110834
300485,3772,0.04451809400416096,73,73.04451809400416,1619.8679172999998,4.058359671335392,Malcom,Bordeaux,0.73,0.7745180940041609,0.04303229153186865
82690,3774,1.477282603639111,70,71.47728260363911,1606.3843979833332,4.004617725622522,T. Koubek,Rennes,0.7000000000000001,2.177282603639111,0.12198539438849373
15004,3783,0.8179575719366312,65,65.81795757193663,1482.4475713666666,3.9958351957184712,I. Santini,Caen,0.65,1.4679575719366311,0.08912030619234584
471774,3767,0.00046356403618119657,6,6.000463564036181,137.03892091666668,3.940790814396849,T. Weah,PSG,0.06,0.060463564036181194,0.03970930832537287
26046,3779,0.1807594271558628,8,8.180759427155863,187.27467153333333,3.9314891993441727,L. Bonnefoi,Strasbourg,0.08,0.2607594271558628,0.12531512271188514
25467,3779,0.0058354885743483464,4,4.005835488574348,91.83427455,3.9258239446907175,V. Nogueira,Strasbourg,0.04,0.04583548857434835,0.044919982129824
25633,3774,0.20254712973110145,6,6.2025471297311014,142.35837673333336,3.921295356728307,A. Diallo,Rennes,0.06,0.26254712973110145,0.1659842028127476
28117,19830,-0.6832505280088981,53,52.3167494719911,1209.08408865,3.894276251485926,R. Ghezzal,Monaco,0.53,-0.15325052800889805,-0.011407434478937573
21174,3767,0.1798427315166009,62,62.1798427315166,1443.3301340166665,3.8772736146392086,E. Cavani,PSG,0.62,0.7998427315166009,0.0498748305324739
437057,3780,0.08803763825562783,2,2.088037638255628,48.5398696,3.871526417182763,D. Khalid,Toulouse,0.02,0.10803763825562783,0.20031754356024278
243931,3789,0.05739696342789102,22,22.05739696342789,514.9466084,3.8550904002973336,Q. Cornette,Amiens SC,0.22,0.277396963427891,0.0484821655318435
25440,3767,0.044089131569762685,48,48.04408913156976,1140.7512666833331,3.7904564720869955,J. Pastore,PSG,0.48,0.5240891315697627,0.041348209043341126
301635,3779,0.29063637473426596,37,37.29063637473426,890.8051127833334,3.7675550191216596,B. Kamara,Strasbourg,0.37,0.660636374734266,0.06674554610526295
86745,3775,0.3639850011200565,52,52.36398500112006,1256.3489383333333,3.7511542425090347,W. Ben\u00edtez,Nice,0.52,0.8839850011200565,0.06332528143522549
405977,19830,0.017020582457917044,6,6.017020582457917,144.73953153333332,3.7414232772785954,Jordi Mboula,Monaco,0.06,0.07702058245791704,0.047891908642913754
14945,3787,0.3529263665947724,62,62.35292636659477,1507.6800436666667,3.722118228311733,G. Sio,Montpellier,0.62,0.9729263665947724,0.058078219819489046
27959,3799,-0.7090236370067942,16,15.290976362993206,371.19780000000003,3.7074246471002477,T. Tour\u00e9,Angers,0.16,-0.5490236370067941,-0.13311535610020173
344744,3787,0.04911551846680595,34,34.049115518466806,827.4851797166666,3.703293390355679,J. Ikon\u00e9,Montpellier,0.34,0.389115518466806,0.04232147900703626
26665,3787,-0.006937970984836284,9,8.993062029015164,220.31471278333336,3.673724611425921,K. B\u00e9rigaud,Montpellier,0.09,0.08306202901516371,0.033931381689957914
28073,3770,0.03528521602493129,23,23.03528521602493,565.3341713333334,3.6671685077034804,S. Ngom,Nantes,0.23,0.26528521602493127,0.04223284325080395
25384,3783,1.1836577146636955,65,66.1836577146637,1626.0907713166666,3.6630975954046243,R. Vercoutre,Caen,0.65,1.8336577146636954,0.10148830387008859
25776,3774,0.03950552749142844,45,45.03950552749143,1114.4153547333333,3.637383028022077,W. Khazri,Rennes,0.45,0.48950552749142845,0.03953238555724184
14862,3767,0.2448077747528714,55,55.24480777475287,1371.5532773666666,3.6251108737634192,J. Draxler,PSG,0.55,0.7948077747528715,0.052154517734155144
247162,3774,-0.00915834137742877,21,20.99084165862257,522.3617450999999,3.61660433023167,Brandon,Rennes,0.21,0.20084165862257122,0.03460389173899215
274345,3789,0.0008031338020373369,11,11.000803133802037,275.3130101833333,3.596169615750762,S. Koita,Amiens SC,0.11,0.11080313380203734,0.03622161566408624
493412,3783,0.06246993311231108,7,7.062469933112311,180.17875501666666,3.527731634738582,Y. Armougom,Caen,0.07,0.1324699331123111,0.06616925496574319
25781,3771,0.2907472884891149,18,18.290747288489115,470.62241345,3.497851374940758,Y. Pel\u00e9,Olympique Marseille,0.18,0.4707472884891149,0.0900238806168154
26971,3766,0.2250850176669701,7,7.22508501766697,186.17276166666667,3.492764708267486,M. Gorgelin,Olympique Lyonnais,0.07,0.2950850176669701,0.1426505754777248
482491,3772,0.017562868125423847,9,9.017562868125424,234.2280111666667,3.464917172326592,Z. Youssouf,Bordeaux,0.09,0.10756286812542384,0.041330061605653994
26869,3799,0.21239747466586323,33,33.21239747466586,863.0206525333334,3.4635506855433866,L. Butelle,Angers,0.33,0.5423974746658633,0.056563852297894145
83574,3770,1.251360779814334,66,67.25136077981433,1748.44799095,3.461711472981626,C. T\u0103t\u0103ru\u0219anu,Nantes,0.66,1.9113607798143342,0.09838580905676442
25444,3770,0.10078379002698057,14,14.10078379002698,368.98230945,3.4393804488732465,K. Coulibaly,Nantes,0.14,0.24078379002698058,0.05873056931843172
26016,3787,1.3211635753318838,67,68.32116357533188,1794.8892570833334,3.4257850157127474,B. Lecomte,Montpellier,0.67,1.9911635753318837,0.09984165935177212
8326,3775,-0.19033763118932256,49,48.80966236881068,1286.6180548666666,3.4142763631963784,M. Balotelli,Nice,0.49,0.2996623688106774,0.020961631224548496
214609,3775,0.11716479195797547,19,19.117164791957975,504.5053775166667,3.4103597463029582,Y. Cardinale,Nice,0.19,0.30716479195797547,0.05479591003032376
366546,3776,0.43035209615845815,24,24.430352096158458,646.9490718833333,3.398616342788056,L. Mothiba,Lille,0.24,0.6703520961584581,0.09325570014132592
408052,3776,0.09601006988214067,7,7.096010069882141,191.08095771666666,3.3422530110842565,H. Koffi,Lille,0.07,0.16601006988214068,0.0781914978233829
37796,3777,0.024244831900432473,20,20.024244831900432,540.4165264666667,3.334801854884056,D. Mili\u010devi\u0107,Metz,0.2,0.22424483190043248,0.037345332503046176
14913,19830,-0.03206905450497288,5,4.967930945495027,134.25666403333332,3.3302911875088954,D. Benaglio,Monaco,0.05,0.01793094549502712,0.012020148915302776
26676,3779,0.21289324702888734,29,29.212893247028887,805.7214982,3.2631131204841917,A. Oukidja,Strasbourg,0.29,0.5028932470288874,0.056173742830137464
134494,3771,-0.534308860275587,58,57.46569113972441,1592.9795438666665,3.2466909085482203,V. Germain,Olympique Marseille,0.58,0.045691139724412966,0.0025814534725383527
135747,19830,1.0145751963939915,55,56.01457519639399,1552.9616037166668,3.2462565433750616,D. Suba\u0161i\u0107,Monaco,0.55,1.5645751963939916,0.09067305163144905
25745,3780,0.08617443281232795,53,53.08617443281233,1498.6909966166668,3.187952493034932,A. Delort,Toulouse,0.53,0.616174432812328,0.037002757124919135
50771,3785,0.7258953615602479,62,62.72589536156025,1771.8937284333333,3.186043548747074,K. Johnsson,Guingamp,0.62,1.345895361560248,0.06836221642226993
366571,3774,0.2568969947049027,30,30.256896994704903,854.7768677166666,3.185767926543931,F. Maouassa,Rennes,0.3,0.5568969947049027,0.05863603873292321
367146,3774,0.0006917033970239572,5,5.000691703397024,142.85108606666665,3.1505693495091402,N. Janvier,Rennes,0.05,0.05069170339702396,0.03193712719553994
99453,3770,0.06742164256684191,28,28.067421642566842,810.9905643833333,3.114793264890579,P. Nakoulma,Nantes,0.28,0.34742164256684194,0.03855525477635059
301017,3785,0.16638817517431903,51,51.16638817517432,1482.2769397833333,3.1066899930581156,M. Thuram,Guingamp,0.51,0.676388175174319,0.041068530536936564
25809,3777,0.0719063914082767,44,44.07190639140828,1284.5840804166667,3.0877477276070424,E. Rivi\u00e8re,Metz,0.44,0.5119063914082767,0.03586497445289931
26044,3799,0.27515277319349707,32,32.2751527731935,941.1652770166667,3.086348190399693,G. Sunu,Angers,0.32,0.5951527731934971,0.0569121608026198
85438,3782,0.0017377610138282762,23,23.00173776101383,671.1654095,3.0844205752996934,R. Beri\u010d,Saint-\u00c9tienne,0.23,0.2317377610138283,0.03107490075625619
25517,3780,0.444638629711406,42,42.444638629711406,1240.31517805,3.0798764251839486,Y. Sanogo,Toulouse,0.42,0.8646386297114059,0.06274008256221592
256480,19830,0.17915556595016824,35,35.17915556595017,1029.7011468166666,3.0747989460083884,B. Keita,Monaco,0.35000000000000003,0.5291555659501683,0.04625031358151374
275032,3799,0.25243732428396015,40,40.25243732428396,1190.2610535333333,3.043634292184376,E. Crivelli,Angers,0.4,0.6524373242839602,0.04933317696252083
25382,3766,1.1027170890104117,53,54.10271708901041,1601.7351930833333,3.039980990014749,A. Lopes,Olympique Lyonnais,0.53,1.6327170890104117,0.0917408437084219
275032,3783,0.0959284515465697,40,40.09592845154657,1190.2610535333333,3.031800082785899,E. Crivelli,Caen,0.4,0.4959284515465697,0.03749896756404398
26131,3783,0.16273737498522678,6,6.162737374985227,183.09623196666664,3.0292614861110074,B. Samba,Caen,0.06,0.22273737498522678,0.10948539756033825
25632,3772,0.46384791337294473,56,56.463847913372945,1687.8818355833332,3.0107239766860276,B. Costil,Bordeaux,0.56,1.0238479133729448,0.05459286915764408
3314,3767,0.07606714426492545,45,45.076067144264925,1364.0043074,2.9742179119044057,\u00c1. di Mar\u00eda,PSG,0.45,0.5260671442649254,0.034711065593401286
25562,3774,0.09120230114058359,21,21.091202301140584,650.6533466166667,2.917387910126257,M. Amalfitano,Rennes,0.21,0.30120230114058355,0.04166305643951964
25552,3771,1.2514119524163334,45,46.25141195241633,1431.2428582666666,2.908400242261259,S. Mandanda,Olympique Marseille,0.45,1.7014119524163334,0.10698888370553505
25673,3779,-0.055955881512090855,38,37.94404411848791,1189.28423625,2.871444745145054,S. Bahoken,Strasbourg,0.38,0.32404411848790915,0.024522288091424135
404227,3772,-0.0006196861359057948,3,2.999380313864094,94.92809218333333,2.843670635731611,E. Taha,Bordeaux,0.03,0.029380313864094204,0.027855065733984375
26604,3785,-0.2867285171550975,31,30.713271482844902,989.6033194166666,2.7932348035023047,Y. Salibur,Guingamp,0.31,0.02327148284490249,0.002116437379449993
437011,3775,-1.5561579336717841,6,4.443842066328216,143.82764156666664,2.7807296400960415,H. Mahou,Nice,0.06,-1.496157933671784,-0.9362193008500801
344927,19830,0.270279666915485,4,4.270279666915485,138.8425849,2.7680640654969086,S. Sy,Monaco,0.04,0.310279666915485,0.20112827806041264
118,3766,0.018465851410837786,51,51.01846585141084,1669.2554957666666,2.7507244626551834,M. Depay,Olympique Lyonnais,0.51,0.5284658514108378,0.02849289803004713
404226,3766,-0.02357770279854776,18,17.976422297201452,589.0575701333333,2.74655328914952,M. Maolida,Olympique Lyonnais,0.18,0.15642229720145223,0.023899203510692753
20531,3775,-0.00058175646699965,7,6.999418243533,234.01425161666666,2.6919199901973183,W. Sneijder,Nice,0.07,0.06941824353300036,0.026697698429940714
26938,3799,0.08368811547916266,10,10.083688115479163,339.2156725333333,2.675383255777916,M. Michel,Angers,0.1,0.18368811547916267,0.04873575053198675
382,3795,0.3226425861257667,34,34.32264258612577,1165.8085252333333,2.64969569692678,Suk Hyun-Jun,Troyes,0.34,0.6626425861257668,0.05115576997464713
37714,3770,0.023495955249018152,27,27.023495955249018,923.7082482833333,2.6329900598943206,Y. El Ghanassy,Nantes,0.27,0.29349595524901817,0.02859629760966403
26610,3774,0.335616304550058,17,17.335616304550058,595.9832226333333,2.617868101245847,D. Sakho,Rennes,0.17,0.505616304550058,0.07635360473477883
374118,3780,-0.05019138878014928,8,7.949808611219851,280.35411056666663,2.552068074063957,Q. Boisgard,Toulouse,0.08,0.02980861121985072,0.009569237291951943
143189,3787,0.391092072972242,37,37.39109207297224,1333.7466740000002,2.523116534922659,C. Ninga,Montpellier,0.37,0.761092072972242,0.05135779372710306
25714,3771,-0.14101336199905745,40,39.85898663800094,1431.24347305,2.506428057118388,D. Payet,Olympique Marseille,0.4,0.25898663800094257,0.016285696919486004
498357,3777,0.19213585585293913,38,38.19213585585294,1393.4712519666668,2.466711977140227,I. Niane,Metz,0.38,0.5721358558529391,0.036952486069656114
284322,3776,0.19770794004000436,34,34.197707940040004,1257.2465699833333,2.448043039516426,E. Ponce,Lille,0.34,0.5377079400400044,0.03849182472157544
25418,3767,1.0235995153439035,41,42.0235995153439,1558.7733322833333,2.4263463314712945,A. Ar\u00e9ola,PSG,0.41000000000000003,1.4335995153439036,0.0827727506679586
25845,3782,0.22090329920399654,42,42.220903299204,1577.2939757833333,2.4091141887746197,S. Ruffier,Saint-\u00c9tienne,0.42,0.6409032992039965,0.036569782053287404
276978,19830,0.08655070934582909,24,24.08655070934583,939.11812085,2.308324709866155,A. Diakhaby,Monaco,0.24,0.3265507093458291,0.031294853318903054
26245,3799,0.07713341500351589,15,15.077133415003516,606.50885375,2.2372995859177376,A. Letellier,Angers,0.15,0.2271334150035159,0.03370438407275506
97582,3789,0.38373101810839216,37,37.38373101810839,1513.7867394999998,2.2225956297787715,M. Konat\u00e9,Amiens SC,0.37,0.7537310181083922,0.044811986959379296
20948,19830,0.040688153986593534,17,17.040688153986594,694.6950252833334,2.2076765746714324,S. Joveti\u0107,Monaco,0.17,0.21068815398659355,0.02729533560580737
399576,3783,-0.007597024943606812,10,9.992402975056393,413.0644262833333,2.1771815981514884,T. Stavitski,Caen,0.1,0.0924029750563932,0.02013310085766381
40810,3767,-0.0012982806581476325,22,21.998701719341852,934.67218735,2.118264757994103,Neymar,PSG,0.22,0.21870171934185237,0.021058885679023746
471589,19830,0.00926653572497571,5,5.009266535724976,226.70879495,1.9886038753577162,M. Sylla,Monaco,0.05,0.059266535724975714,0.023527928047185866
25437,3767,0.05385815363842994,2,2.05385815363843,93.86062486666667,1.9693799619387007,B. Matuidi,PSG,0.02,0.07385815363842994,0.07082025968718401
276983,3787,0.0679018640880713,38,38.06790186408807,1747.0818700333334,1.9610478630303443,I. Mbenza,Montpellier,0.38,0.4479018640880713,0.02307342801694651
25988,3771,0.009349512081826106,3,3.009349512081826,138.20835898333334,1.9596604581639332,H. Bedimo,Olympique Marseille,0.03,0.039349512081826105,0.025624036877475817
123,3780,0.09408947817496482,23,23.094089478174965,1061.8726129666668,1.9573610126631942,O. Toivonen,Toulouse,0.23,0.3240894781749648,0.027468504865434784
37734,3770,-0.0002755909226834774,1,0.9997244090773165,46.11492191666666,1.951108081231295,G. Gillet,Nantes,0.01,0.009724409077316523,0.018978603466791887
454388,3795,0.060683978837914765,4,4.060683978837915,188.282861,1.9410240324285934,B. Mbeumo,Troyes,0.04,0.10068397883791477,0.04812736564169975
497355,3766,0.053140487521886826,2,2.053140487521887,95.2283417,1.9404164829320958,W. Geubbels,Olympique Lyonnais,0.02,0.07314048752188683,0.06912483993165887
255320,19830,-0.03570355786723667,5,4.964296442132763,231.05340575,1.9336944129504514,Boschilia,Monaco,0.05,0.014296442132763335,0.005568754928204299
55968,3772,0.12194230766090186,13,13.121942307660902,611.4041281499999,1.9315780730216867,M. Braithwaite,Bordeaux,0.13,0.25194230766090187,0.03708644846427698
86239,19830,0.39299307188866806,14,14.392993071888668,679.5678929166667,1.9061662417721483,G. Carrillo,Monaco,0.14,0.5329930718886681,0.0705880559837786
8533,3787,0.12804015773144783,15,15.128040157731448,736.8402851,1.8477866122792834,S. Sess\u00e8gnon,Montpellier,0.15,0.27804015773144786,0.033960703156226374
27955,3772,-0.09102153605113017,19,18.90897846394887,921.7828932166667,1.8462135436433895,G. Laborde,Bordeaux,0.19,0.09897846394886983,0.009663947791776203
28055,3777,-0.011693075019138632,1,0.9883069249808614,48.25428061666666,1.8433105231612488,Q. Beunardeau,Metz,0.01,-0.0016930750191386321,-0.0031577872423995297
274970,3772,-0.2057857506606524,15,14.794214249339348,734.5272047333333,1.812702475633872,A. Mendy,Bordeaux,0.15,-0.05578575066065242,-0.006835305114779875
26638,3799,-0.025538704710697857,34,33.9744612952893,1719.33051165,1.7784256696762943,K. Toko Ekambi,Angers,0.34,0.31446129528930217,0.01646077725269757
26008,3787,0.13708124702998248,21,21.137081247029982,1070.8724373166667,1.7764368994307769,S. Camara,Montpellier,0.21,0.34708124702998244,0.029169965669273514
3450,19830,0.21850204472866608,23,23.218502044728666,1177.8716246666665,1.7741026613294533,R. Falcao,Monaco,0.23,0.44850204472866606,0.03426959541283045
353833,3767,-0.13394897129688843,25,24.86605102870311,1269.6028254999999,1.7627123598294796,K. Mbapp\u00e9,PSG,0.25,0.11605102870311157,0.008226661420012759
5167,3766,0.49019113806389214,28,28.490191138063892,1542.2551372166668,1.6625765351984854,Mariano D\u00edaz,Olympique Lyonnais,0.28,0.7701911380638922,0.044945353562477475
26006,3795,-0.0008033987496673944,4,3.9991966012503326,231.17123221666668,1.556974415290504,J. Tinhan,Troyes,0.04,0.039196601250332606,0.015260091312848051
449985,3766,0.01182332982165235,5,5.011823329821652,311.3944241,1.4485297897919192,A. Gouiri,Olympique Lyonnais,0.05,0.061823329821652354,0.017868334348086715
217878,3782,0.16388492367514118,11,11.163884923675141,706.4885933500001,1.4221739071065254,L. Diony,Saint-\u00c9tienne,0.11,0.27388492367514117,0.03489036250943556
26327,3779,0.05181655025819509,18,18.051816550258195,1177.8340862666666,1.3793653184829013,I. Saadi,Strasbourg,0.18,0.2318165502581951,0.017713436694099863
28123,3771,0.04046437182870477,15,15.040464371828705,985.9586478,1.37291943884767,C. N'Jie,Olympique Marseille,0.15,0.19046437182870476,0.01738591522355673
25406,3774,-0.15776636086775397,7,6.842233639132246,457.3728204833333,1.346387454486579,Y. Gourcuff,Rennes,0.07,-0.08776636086775397,-0.01727031455378249
26543,3779,0.0418929042543823,16,16.041892904254382,1126.1161392,1.2820794508891045,J. Blayac,Strasbourg,0.16,0.2018929042543823,0.016135424003249566
207061,3804,0.00015376398960142978,2,2.0001537639896014,140.41526223333332,1.2820104872925306,A. Sahibeddine,Dijon,0.02,0.02015376398960143,0.012917675259901623
253784,3799,0.14378063879121328,10,10.143780638791213,751.33736045,1.2150869975964194,B. Guillaume,Angers,0.1,0.24378063879121328,0.02920160589121839
93331,3771,0.07805667791694759,9,9.078056677916948,803.8368685333334,1.016406603124904,K. Mitroglou,Olympique Marseille,0.09,0.1680566779169476,0.018816132482355877
40765,3767,0.008346186834387481,2,2.0083461868343875,232.62234565000003,0.7770154509878868,Lucas Moura,PSG,0.02,0.02834618683438748,0.010966946481286472
54819,3782,0.007741218756564194,4,4.007741218756564,528.0154517166667,0.6831177165656902,A. S\u00f8derlund,Saint-\u00c9tienne,0.04,0.047741218756564195,0.008137469602681994
521939,3775,0.03421193808753742,2,2.0342119380875374,278.9310626833333,0.6563595774047065,I. Ganago,Nice,0.02,0.05421193808753742,0.017492044023140998
278513,3774,0.021614245892124018,2,2.021614245892124,284.7039534833333,0.6390683371418034,J. Tell,Rennes,0.02,0.04161424589212402,0.013155005697911436
25941,3785,0.00390929589048028,1,1.0039092958904803,142.18211973333334,0.6354655339194598,T. Giresse,Guingamp,0.01,0.01390929589048028,0.008804458904474633
207002,3777,-0.001222886308823945,2,1.998777113691176,323.3968636166667,0.5562513446185907,B. Fern\u00e1ndez,Metz,0.02,0.018777113691176055,0.0052255925221618375
347205,3799,0.0015341663238359615,2,2.001534166323836,413.8647016833334,0.435258368825513,W. Kanga,Angers,0.02,0.021534166323835962,0.004682870902646212
